speaker_id,gender,age,dark_bright,rough_smooth,attractive,authoritative,cute,nasal,strong,warm,weak,profession
126,Female,Senior,,,,Authoritative,,,,,,"['Client and Public Interaction', 'Diplomacy and Judiciary']"
1335,Ambiguous,Adult,Bright,Smooth,,,,,,,,[]
1348,Female,Adult,,Smooth,,,,,,,,['Storytelling']
1365,Male,Adult,,Rough,,,,,,,,[]
1445,Male,Senior,Dark,,,,,,,,,[]
1638,Male,Senior,Dark,,,Authoritative,,,Strong,Warm,,['Storytelling']
1752,Female,Teenager,,Smooth,,,,,Strong,,,"['Public Presentation', 'Storytelling']"
1779,Ambiguous,Teenager,,,,,,,,,,[]
1825,Female,Teenager,Bright,Smooth,,,Cute,,,,,[]
231,Ambiguous,Teenager,Bright,Smooth,,,,,,,,['Client and Public Interaction']
2562,Male,Adult,Dark,,Attractive,,,,Strong,,,['Storytelling']
288,Ambiguous,Teenager,,,,,,,,,Weak,[]
2992,Male,Adult,Dark,,,,,,Strong,,,['Diplomacy and Judiciary']
30,Female,Teenager,Bright,,,,,,,,,[]
345,Male,Adult,,,,,,,,Warm,,['Storytelling']
3549,Female,Teenager,,,,,,,,,,['Client and Public Interaction']
3733,Female,Adult,,Smooth,,,,,,,,['Storytelling']
3781,Female,Teenager,Bright,Smooth,,,,,,,,['Client and Public Interaction']
3852,Female,Adult,,,,Authoritative,,Nasal,,,,['Diplomacy and Judiciary']
3864,Male,Senior,Dark,,Attractive,,,,,Warm,,['Storytelling']
3967,Female,Senior,,,Attractive,,,,,Warm,,['Storytelling']
4039,Male,Adult,,Smooth,,,,,,,,"['Public Presentation', 'Storytelling']"
4044,Ambiguous,Teenager,Bright,Smooth,,,Cute,,,,,['Storytelling']
4425,Male,Senior,Dark,Smooth,Attractive,,,,,Warm,,['Storytelling']
454,Male,Adult,,,Attractive,,,,,Warm,,['Storytelling']
4731,Female,Teenager,,Smooth,,,Cute,,,,,[]
5063,Female,Adult,,Smooth,,,,,,Warm,,['Storytelling']
5157,Male,Adult,,,,,,,,Warm,,['Storytelling']
5538,Ambiguous,Senior,Dark,,,,,,Strong,,,[]
5909,Male,Senior,,,,,,,,,,['Diplomacy and Judiciary']
5935,Male,Senior,Dark,,,,,,Strong,,,"['Storytelling', 'Diplomacy and Judiciary']"
5985,Male,Senior,Dark,,,Authoritative,,,Strong,,,"['Storytelling', 'Diplomacy and Judiciary']"
6014,Female,Adult,,,,,,Nasal,,,,[]
6080,Male,Adult,,,,,,,,,,[]
6286,Ambiguous,Senior,,,,,,,,Warm,,[]
6288,Female,Senior,,Smooth,,,,,,Warm,,"['Storytelling', 'Client and Public Interaction']"
6359,Female,Senior,,,,,,,,,,"['Public Presentation', 'Diplomacy and Judiciary']"
7558,Male,Adult,,,,,,Nasal,,,,[]
8183,Female,Adult,,,,Authoritative,,,,,,['Diplomacy and Judiciary']
8195,Male,Teenager,,,,,,Nasal,,,Weak,[]
836,Male,Adult,,,,,,,,Warm,,['Storytelling']
8464,Male,Adult,,,,,,,,,,['Storytelling']
8494,Male,Senior,Dark,,,Authoritative,,,Strong,,,['Diplomacy and Judiciary']
8725,Male,Adult,Dark,Smooth,Attractive,Authoritative,,,,,,[]
882,Ambiguous,Adult,,,,,,,,,,['Storytelling']
9023,Ambiguous,Adult,,,,,,,Strong,,,['Client and Public Interaction']
p240,Female,Teenager,Bright,Smooth,,,,,,,,[]
p274,Male,Adult,Dark,Rough,,,,,,,,[]
p318,Female,Adult,Dark,,,,,,,,,['Client and Public Interaction']
p336,Female,Teenager,Bright,,,,Cute,,,,,['Client and Public Interaction']
1093,Female,Adult,,,Attractive,,,,,Warm,,['Storytelling']
1182,Male,Teenager,Bright,Smooth,,,Cute,,,,,['Storytelling']
1212,Female,Senior,Dark,,,Authoritative,,,Strong,,,['Diplomacy and Judiciary']
1607,Male,Adult,,,,,,,,,,['Client and Public Interaction']
1769,Male,Adult,,,,,,Nasal,,,,[]
1987,Male,Adult,Dark,Rough,,,,,,,,[]
209,Female,Adult,,,,Authoritative,,,,,,['Storytelling']
227,Female,Teenager,,Smooth,Attractive,,,,,Warm,,['Storytelling']
2299,Male,Adult,Dark,Smooth,,,,,,,,[]
2494,Male,Senior,Dark,,,Authoritative,,,,,,['Diplomacy and Judiciary']
2573,Female,Adult,,,,Authoritative,,,Strong,,,['Diplomacy and Judiciary']
2654,Male,Adult,Bright,,,,,,,Warm,,[]
2790,Female,Adult,,,,,,,,,,[]
3380,Female,Adult,Bright,,,,,Nasal,,,,['Client and Public Interaction']
3923,Male,Adult,Dark,,Attractive,,,,,Warm,,['Storytelling']
4010,Male,Senior,Dark,,,,,,,,,[]
4098,Ambiguous,Teenager,,,,,Cute,,,,,[]
4152,Male,Adult,Dark,,,Authoritative,,,,,,['Client and Public Interaction']
4226,Male,Adult,Dark,Rough,Attractive,Authoritative,,,,,,['Storytelling']
4434,Female,Adult,Dark,,,,,,,,,"['Client and Public Interaction', 'Diplomacy and Judiciary']"
4733,Male,Adult,Dark,,,,,,,Warm,,[]
4899,Female,Teenager,Bright,Smooth,Attractive,,Cute,,,,,[]
5126,Male,Senior,Dark,Rough,Attractive,,,,,Warm,,['Storytelling']
5304,Male,Senior,Bright,Smooth,,,,,,,,['Storytelling']
5588,Female,Adult,,,,,,,,,,['Public Presentation']
5717,Male,Adult,,,,,,,,,,['Storytelling']
5876,Female,Teenager,Bright,Smooth,,,,,,Warm,,[]
606,Male,Adult,Dark,,,,,,,,,[]
6098,Male,Adult,Dark,,,Authoritative,,,,Warm,,['Storytelling']
6115,Male,Adult,,,,,,,,,,['Client and Public Interaction']
6300,Female,Senior,,,,Authoritative,,,,,,[]
636,Female,Senior,,,,,,,,,,[]
637,Male,Senior,Dark,Rough,Attractive,Authoritative,,,Strong,,,"['Public Presentation', 'Storytelling', 'Diplomacy and Judiciary']"
666,Female,Adult,,Rough,,,,,,Warm,,['Client and Public Interaction']
7229,Female,Adult,,,,,,,Strong,,,"['Public Presentation', 'Client and Public Interaction']"
7247,Male,Adult,Bright,,,,,,,,,[]
7384,Female,Teenager,,,,,,,Strong,,,[]
7478,Male,Adult,,,Attractive,,,,,Warm,,"['Storytelling', 'Client and Public Interaction']"
764,Male,Adult,Bright,,,,,,,,,['Public Presentation']
783,Female,Adult,,Smooth,,,,,,,,[]
79,Female,Adult,,Smooth,,,,,,,,[]
8138,Male,Adult,,Rough,Attractive,,,,,,,['Storytelling']
8742,Male,Adult,,,,Authoritative,,Nasal,,,,['Public Presentation']
8887,Male,Teenager,,,,,,,,,,['Client and Public Interaction']
949,Male,Senior,,,,,,,,,,['Client and Public Interaction']
p228,Female,Teenager,,,,,,,,Warm,,['Client and Public Interaction']
p244,Ambiguous,Teenager,,,,,,,,,Weak,[]
p254,Male,Adult,Dark,Rough,,,,,Strong,,,[]
p293,Female,Teenager,,,,,,,,,Weak,[]
p341,Female,Adult,,,,,,,,,,['Client and Public Interaction']
16,Ambiguous,Teenager,Bright,Smooth,,,Cute,,,,,[]
1603,Male,Adult,,,,,,,,,,[]
1849,Male,Adult,,,,,,,,,,[]
2010,Female,Senior,,,,,,,Strong,,,['Diplomacy and Judiciary']
2127,Male,Adult,Dark,,Attractive,,,,Strong,Warm,,['Storytelling']
2156,Male,Senior,,,,Authoritative,,,Strong,,,"['Public Presentation', 'Storytelling']"
2598,Female,Senior,,,,,,,,Warm,,['Storytelling']
2652,Ambiguous,Teenager,,,,,,Nasal,,,,[]
278,Female,Senior,Dark,,,,,,Strong,,,['Diplomacy and Judiciary']
28,Female,Adult,,,,,,,,,,['Storytelling']
2812,Ambiguous,Teenager,Bright,Smooth,Attractive,,,,,,,"['Storytelling', 'Client and Public Interaction']"
2823,Male,Adult,Dark,,,,,,,,,[]
3082,Male,Adult,,,,,,,,,,[]
3094,Female,Senior,,,,Authoritative,,,,,,['Storytelling']
3180,Male,Adult,,,,,,,,,Weak,['Client and Public Interaction']
353,Male,Adult,Dark,Smooth,,,,,,Warm,,[]
3876,Female,Adult,Bright,,,,,Nasal,,,,[]
3945,Male,Teenager,,,,,,Nasal,,,Weak,['Client and Public Interaction']
4331,Female,Adult,,Smooth,,,,,,,,"['Storytelling', 'Client and Public Interaction']"
4356,Female,Teenager,Bright,,,,Cute,,,,,['Storytelling']
4973,Ambiguous,Adult,Bright,,,,,,,Warm,,"['Storytelling', 'Client and Public Interaction']"
5092,Male,Adult,Dark,,,,,,,,Weak,[]
511,Male,Adult,Dark,,Attractive,,,,,,,['Public Presentation']
5206,Male,Adult,Dark,,,,,,,,,['Public Presentation']
5618,Female,Senior,Bright,,,,,,,,,[]
6371,Female,Teenager,Bright,Smooth,,,Cute,,,,,"['Public Presentation', 'Storytelling']"
6446,Male,Senior,Dark,,,,,,,Warm,,"['Public Presentation', 'Storytelling']"
6510,Male,Senior,,Smooth,,,,,,Warm,,['Storytelling']
7000,Male,Adult,,,Attractive,,,,,,,"['Storytelling', 'Client and Public Interaction']"
7030,Male,Adult,,,,,,,,,,[]
708,Male,Adult,,,,,,Nasal,,,,[]
7134,Male,Adult,,,Attractive,,,,,Warm,,[]
7495,Female,Teenager,,,,,,,,,,[]
7538,Male,Adult,,,,,,,Strong,,,"['Public Presentation', 'Storytelling']"
7956,Male,Adult,Dark,Rough,,,,,,,Weak,[]
7995,Female,Senior,,Smooth,Attractive,,,,,Warm,,['Storytelling']
8006,Male,Senior,Dark,Rough,,Authoritative,,,,Warm,,['Storytelling']
8190,Female,Adult,,,,,,,Strong,,,[]
850,Male,Adult,Dark,,,,,,,,,[]
8573,Female,Teenager,,,,,,,,,,[]
8575,Male,Teenager,,,,,,,,,,['Client and Public Interaction']
868,Male,Adult,Dark,,,,,,,,,[]
8879,Male,Senior,,,,Authoritative,,,,,,['Public Presentation']
9022,Female,Adult,,,,,,,,,,['Storytelling']
953,Male,Senior,Dark,,Attractive,Authoritative,,,,Warm,,[]
p256,Male,Adult,Dark,Rough,,,,,,Warm,,['Storytelling']
p265,Ambiguous,Teenager,,,,,,,,,,[]
p280,Female,Teenager,,,,,,,,,,[]
p282,Female,Teenager,,,,,,,,,,[]
p345,Male,Adult,Dark,,,,,,,,,[]
100,Female,Teenager,Bright,Smooth,,,Cute,,,,,[]
1264,Male,Adult,,,,,,,,,,[]
1827,Male,Senior,Dark,,,Authoritative,,,Strong,,,['Diplomacy and Judiciary']
1913,Male,Adult,,,,,,,,,,[]
1961,Female,Adult,Bright,,,,,,,Warm,,['Client and Public Interaction']
2162,Male,Adult,,,,,,,,,,[]
240,Male,Adult,,Smooth,,,,,,Warm,,['Client and Public Interaction']
2589,Male,Adult,Dark,,,Authoritative,,,Strong,,,"['Public Presentation', 'Storytelling']"
2688,Male,Adult,,,,,,,,Warm,,['Client and Public Interaction']
2741,Female,Teenager,Bright,,,,,,,Warm,,['Client and Public Interaction']
2774,Male,Adult,,,,,,,,,,['Public Presentation']
2853,Female,Adult,,,Attractive,Authoritative,,,,,,['Client and Public Interaction']
3009,Male,Senior,,Smooth,,,,,,,,[]
303,Male,Adult,,,,,,,,Warm,,['Storytelling']
3032,Male,Adult,Bright,,,Authoritative,,,Strong,,,"['Public Presentation', 'Diplomacy and Judiciary']"
359,Male,Senior,,,,,,,,,,['Client and Public Interaction']
3703,Female,Senior,,,,,,,,,,['Client and Public Interaction']
3717,Male,Senior,,,,,,,,Warm,,['Storytelling']
409,Male,Adult,,,,,,,,,,['Storytelling']
4236,Male,Teenager,,Rough,,,,,,,,['Client and Public Interaction']
459,Male,Adult,Dark,Rough,,,,,,,,['Storytelling']
492,Male,Teenager,,,,,Cute,,,,,[]
5029,Female,Teenager,Bright,Smooth,Attractive,,Cute,,,,,"['Storytelling', 'Client and Public Interaction']"
5054,Female,Adult,,,,Authoritative,,,Strong,,,"['Public Presentation', 'Diplomacy and Judiciary']"
5115,Female,Adult,,Rough,,,,,,,,[]
5333,Male,Adult,,,,,,,,,,['Public Presentation']
548,Male,Adult,,,,,,,,,,[]
5622,Female,Teenager,Bright,Smooth,,,Cute,,,,,['Client and Public Interaction']
5723,Female,Senior,,Smooth,,,,,,Warm,,['Storytelling']
580,Male,Adult,Dark,,,,,,,,,[]
6139,Ambiguous,Senior,,,,,,,,,,['Storytelling']
6160,Female,Adult,,Smooth,Attractive,,,,,,,"['Storytelling', 'Client and Public Interaction']"
6519,Female,Senior,Bright,,,,,,,,,[]
6694,Male,Adult,Dark,,Attractive,,,,,Warm,,['Storytelling']
7069,Male,Senior,Dark,Smooth,Attractive,,,,,,,['Storytelling']
7128,Male,Senior,,Rough,,,,,,,,[]
7297,Ambiguous,Adult,,Smooth,,,,,,,,['Client and Public Interaction']
7704,Male,Adult,Dark,,,,,,,,,[]
7733,Female,Adult,,,,,,,,,,[]
7828,Male,Senior,Dark,,,,,,Strong,,,['Storytelling']
7832,Male,Senior,Dark,,,,,,,,,[]
7926,Male,Adult,,,,,,,Strong,,,['Public Presentation']
8771,Ambiguous,Teenager,Bright,Smooth,,,Cute,,,,,[]
8820,Male,Adult,,Smooth,,,,,,,,['Client and Public Interaction']
p229,Female,Teenager,,,,,,,,,,['Client and Public Interaction']
p250,Ambiguous,Teenager,,,,,,,,,,[]
p257,Female,Adult,,,,,,,,,,['Client and Public Interaction']
p281,Male,Senior,Dark,,,,,,,,Weak,[]
p304,Male,Adult,,,,,,,,,,['Client and Public Interaction']
p305,Female,Teenager,Bright,Rough,,,Cute,,,,,[]
1241,Female,Adult,,Smooth,,,,,,,,[]
1401,Male,Adult,Bright,,,,,,,,,['Client and Public Interaction']
1724,Female,Adult,,,,,,,,Warm,,['Storytelling']
1740,Ambiguous,Adult,,,,,,,,Warm,,[]
1789,Male,Senior,,Smooth,Attractive,,,,,Warm,,['Storytelling']
1885,Female,Teenager,Bright,,,,,,,,,[]
2053,Male,Adult,,Rough,,,,,,,,[]
2060,Female,Senior,,,,,,,,,,[]
2397,Male,Senior,Dark,,,,,,Strong,,,['Storytelling']
249,Male,Adult,,,,,,,,,,['Client and Public Interaction']
2758,Ambiguous,Teenager,Bright,,,,Cute,,,,,['Client and Public Interaction']
2920,Female,Adult,,,,Authoritative,,,,,,['Public Presentation']
3105,Male,Senior,Dark,,,,,,,Warm,,"['Public Presentation', 'Storytelling']"
323,Female,Senior,,,,,,,,,,['Client and Public Interaction']
3389,Male,Adult,,Rough,,,,Nasal,,,,['Client and Public Interaction']
3513,Female,Adult,Bright,Smooth,,,,,,,,['Client and Public Interaction']
3521,Male,Adult,,Smooth,,,,,,,,[]
3979,Female,Adult,,,,,,,,Warm,,[]
4057,Female,Adult,Bright,,,,,Nasal,,,,['Client and Public Interaction']
4519,Female,Senior,,,,,,,,Warm,,[]
4734,Male,Adult,,Smooth,,,,,,,,['Client and Public Interaction']
4744,Ambiguous,Adult,,,Attractive,,,,,,,['Storytelling']
479,Ambiguous,Teenager,Bright,Smooth,,,Cute,,,,,[]
4854,Male,Adult,Dark,,,,,,,,,['Storytelling']
512,Male,Adult,,,,Authoritative,,,Strong,,,"['Public Presentation', 'Diplomacy and Judiciary']"
56,Female,Adult,Bright,Smooth,Attractive,,,,,,,"['Storytelling', 'Client and Public Interaction']"
5660,Female,Adult,,,,,,,,Warm,,"['Storytelling', 'Client and Public Interaction']"
589,Female,Teenager,Bright,Smooth,,,,,,,Weak,[]
6188,Female,Adult,,Smooth,Attractive,,,,,,,[]
6567,Female,Adult,,Smooth,,,,,,,,['Storytelling']
6574,Male,Senior,Dark,,,,,,,Warm,,[]
6637,Ambiguous,Adult,,,,,,,,,,[]
6788,Female,Senior,Bright,Rough,,,,,,Warm,,"['Storytelling', 'Client and Public Interaction']"
6828,Female,Adult,Bright,,,,,,,,,[]
6924,Ambiguous,Adult,,Smooth,,,,,,,,"['Storytelling', 'Client and Public Interaction']"
7145,Female,Adult,,,Attractive,,,,,Warm,,"['Storytelling', 'Client and Public Interaction']"
718,Male,Adult,Dark,,,,,,Strong,,,[]
7188,Ambiguous,Senior,Bright,,,,,,,Warm,Weak,[]
7752,Female,Teenager,Bright,,Attractive,,Cute,,,,,['Client and Public Interaction']
7777,Male,Adult,Dark,,,,,,Strong,,,['Storytelling']
8459,Male,Adult,,,Attractive,,,,,Warm,,"['Public Presentation', 'Storytelling']"
8474,Male,Adult,,Rough,,,,,,,,[]
8498,Male,Adult,Dark,,,Authoritative,,,Strong,,,['Storytelling']
8643,Male,Senior,Dark,,,,,,,Warm,,['Storytelling']
8677,Female,Adult,,,,Authoritative,,,,,,[]
p279,Male,Adult,Dark,,,Authoritative,,,,,,[]
p298,Male,Teenager,,,,,,,,,,['Client and Public Interaction']
p307,Female,Teenager,Bright,,,,,,,,,[]
p308,Ambiguous,Teenager,,,,,,,,,Weak,[]
p374,Male,Adult,,Rough,,,,,,,,[]
1060,Female,Adult,,Smooth,Attractive,,,,,,,"['Storytelling', 'Client and Public Interaction']"
119,Ambiguous,Adult,,,,,,,,,,['Public Presentation']
122,Male,Teenager,Bright,,,,,,,,Weak,[]
1323,Ambiguous,Adult,,,,,,Nasal,,,,['Client and Public Interaction']
1547,Ambiguous,Adult,,,,,,,,,,['Client and Public Interaction']
1914,Male,Senior,Dark,Rough,,Authoritative,,,Strong,,,"['Public Presentation', 'Storytelling']"
2149,Male,Adult,,,,,,,,,,['Storytelling']
2230,Female,Adult,,Smooth,,Authoritative,,,,,,"['Public Presentation', 'Diplomacy and Judiciary']"
2238,Male,Adult,Dark,Smooth,,,,,,,,['Storytelling']
2269,Female,Adult,,,,,,Nasal,,,,['Client and Public Interaction']
2272,Male,Adult,Dark,,,Authoritative,,,Strong,,,['Diplomacy and Judiciary']
3025,Female,Senior,,,,,,,Strong,,,['Diplomacy and Judiciary']
3328,Male,Adult,,Rough,,Authoritative,,,,,,['Storytelling']
3368,Male,Adult,,Rough,,,,,,,,[]
3792,Male,Adult,Dark,Smooth,,,,,,,,['Storytelling']
3825,Male,Senior,Dark,,,,,,,,,['Storytelling']
4133,Male,Adult,,,,,,Nasal,,,,['Client and Public Interaction']
4138,Female,Teenager,Bright,,,,,,,,,['Client and Public Interaction']
4145,Female,Adult,,,,,,,,,,['Client and Public Interaction']
4278,Male,Adult,,,,,,,,,,[]
4335,Male,Adult,Dark,Rough,,Authoritative,,,Strong,,,['Storytelling']
4427,Female,Senior,,Smooth,Attractive,,,,,Warm,,"['Storytelling', 'Client and Public Interaction']"
549,Ambiguous,Teenager,,Smooth,,Authoritative,,,,,,[]
596,Female,Adult,Dark,Smooth,,,,,,Warm,,['Storytelling']
597,Female,Adult,Bright,,,,,,,,,"['Public Presentation', 'Client and Public Interaction']"
6233,Ambiguous,Adult,,,,Authoritative,,,,,,['Storytelling']
6317,Female,Teenager,Bright,Smooth,,,Cute,,,,,['Client and Public Interaction']
6426,Female,Adult,,Smooth,,,,,Strong,,,['Storytelling']
6494,Male,Adult,,Rough,,,,,,,,[]
6550,Male,Adult,,,,,,,,,,['Client and Public Interaction']
7085,Female,Senior,,Smooth,,,,,,,,[]
7276,Female,Adult,,Smooth,,,,,,,,[]
7286,Ambiguous,Adult,,Smooth,,Authoritative,,,,,,[]
7416,Female,Adult,,,,,,,,,,['Client and Public Interaction']
7594,Female,Adult,,Smooth,Attractive,,,,,,,"['Client and Public Interaction', 'Diplomacy and Judiciary']"
7717,Female,Senior,,Smooth,,Authoritative,,,,,,['Diplomacy and Judiciary']
7957,Male,Adult,,,,Authoritative,,,Strong,,,['Public Presentation']
8194,Female,Adult,,,Attractive,,,,,,,['Storytelling']
8266,Male,Adult,,Smooth,,,,,Strong,,,['Diplomacy and Judiciary']
8396,Male,Adult,,,Attractive,,,,,Warm,,"['Storytelling', 'Client and Public Interaction']"
8506,Female,Adult,,Smooth,,,,,,,,[]
93,Female,Adult,,,,,,,,,,[]
p231,Ambiguous,Teenager,,,,,,,,,,[]
p232,Male,Adult,,Rough,,,,,,,,[]
p238,Female,Adult,Bright,,,,Cute,,,,,['Client and Public Interaction']
p248,Female,Adult,,,,,,,,,,['Client and Public Interaction']
p276,Female,Teenager,,,Attractive,,Cute,,,,,['Client and Public Interaction']
p278,Male,Adult,Dark,,,,,,,,,['Client and Public Interaction']
p303,Female,Teenager,Bright,,,,Cute,,,,,[]
p326,Male,Adult,Dark,Rough,,,,,,,,[]
1271,Male,Adult,Dark,,Attractive,,,,,,,[]
1446,Male,Adult,Dark,,,,,,,,,['Storytelling']
1460,Female,Adult,,,,,,,,,,['Client and Public Interaction']
1463,Female,Teenager,Bright,,,,Cute,,,,,['Client and Public Interaction']
1482,Male,Adult,,,,,,,,,,['Storytelling']
1668,Female,Teenager,Bright,Smooth,Attractive,,Cute,,,,,['Client and Public Interaction']
1903,Male,Adult,,Smooth,,,,Nasal,,Warm,,[]
2045,Male,Adult,,,,,,,Strong,,,['Public Presentation']
2110,Male,Adult,Bright,,,,,,,,,[]
2628,Male,Adult,Dark,,,Authoritative,,,,,,"['Public Presentation', 'Diplomacy and Judiciary']"
2751,Ambiguous,Teenager,Bright,,,,Cute,,,,,['Client and Public Interaction']
2787,Male,Adult,,,,,,,Strong,,,"['Public Presentation', 'Client and Public Interaction']"
3008,Ambiguous,Adult,,,,,,,,,,['Public Presentation']
3114,Male,Adult,,,,,,,,,,['Client and Public Interaction']
3330,Female,Senior,,,,,,,,,,[]
339,Female,Adult,,,Attractive,,,,,,,['Storytelling']
3446,Female,Teenager,Bright,,,,,,,,,[]
3493,Female,Senior,,Smooth,,,,,Strong,,,['Public Presentation']
3654,Male,Adult,,,,,,,,Warm,,[]
3816,Ambiguous,Adult,,,,,,Nasal,,,,['Client and Public Interaction']
4110,Male,Adult,,Smooth,,,,,,,,[]
4837,Female,Senior,,,,Authoritative,,,,,,['Diplomacy and Judiciary']
4839,Female,Adult,,,,,,,,,,['Client and Public Interaction']
5809,Ambiguous,Adult,,,,,,,,,Weak,[]
581,Male,Adult,,,,,,,,,,['Diplomacy and Judiciary']
6497,Male,Senior,,,,Authoritative,,,,Warm,,['Storytelling']
6937,Ambiguous,Adult,,Rough,,,,,,,,['Storytelling']
7090,Male,Adult,Dark,,,,,,,Warm,,['Storytelling']
711,Male,Adult,Dark,,,,,,,,,['Storytelling']
7245,Ambiguous,Adult,,,,,,,,,,[]
7383,Ambiguous,Adult,,,,,,,,,,[]
7833,Male,Adult,,Rough,,,,,,,,[]
7881,Male,Adult,,,,,,,,,,[]
7967,Female,Senior,,,,,,,,,,['Client and Public Interaction']
8011,Male,Adult,,,,,,,,Warm,,"['Storytelling', 'Client and Public Interaction']"
8057,Female,Adult,,,,,,,,,,['Public Presentation']
806,Male,Adult,,,,,,,,,,"['Public Presentation', 'Storytelling']"
8118,Female,Adult,,Smooth,,,,,,,,['Public Presentation']
8404,Female,Adult,,,Attractive,,,,,,,['Client and Public Interaction']
8479,Male,Adult,,,,Authoritative,,,,,,[]
8713,Male,Senior,,,,,,,,,,[]
p234,Female,Adult,,,,,,,,,Weak,[]
p255,Ambiguous,Teenager,,Rough,,,,,,,Weak,[]
p262,Female,Adult,,,Attractive,,,,,,,[]
p271,Male,Adult,,,,,,,,,Weak,['Client and Public Interaction']
p275,Male,Adult,,,,,,,,,Weak,[]
p284,Male,Adult,,Rough,,,,,,,,[]
p294,Female,Adult,,Rough,,,,,,,,[]
p311,Male,Adult,Dark,,,,,,,,,[]
p330,Female,Adult,,Smooth,,,,,,,Weak,[]
1018,Male,Adult,,,,,,,,,,['Client and Public Interaction']
1641,Ambiguous,Adult,Bright,,,,,,,,,[]
1923,Female,Senior,,,,,,,,,,[]
2093,Male,Adult,,,,,,,,,,['Client and Public Interaction']
2285,Male,Adult,,Smooth,,,,,,,,[]
246,Female,Adult,,,,Authoritative,,,,,,"['Client and Public Interaction', 'Diplomacy and Judiciary']"
2582,Female,Teenager,Bright,,Attractive,,,,,,,['Client and Public Interaction']
2929,Male,Adult,,Rough,,,,,,,,[]
3157,Female,Adult,,,,,,,,,,[]
3540,Male,Adult,,,,,,,,,,['Public Presentation']
4111,Female,Teenager,Bright,Smooth,Attractive,,Cute,,,,,[]
4806,Male,Adult,,,Attractive,,,,,,,['Public Presentation']
4860,Male,Adult,Dark,,,,,,,,,['Storytelling']
497,Male,Adult,,Rough,,,,,,,,[]
5246,Male,Adult,,,Attractive,,,,,,,['Storytelling']
5293,Male,Adult,,,Attractive,,,,,,,['Storytelling']
5724,Female,Adult,,,Attractive,,,,,,,['Storytelling']
5746,Male,Adult,,,,,,,,,,['Storytelling']
6082,Female,Adult,,Smooth,,,,,,,,['Storytelling']
6120,Female,Adult,,Smooth,Attractive,,,,,,,"['Storytelling', 'Client and Public Interaction']"
6341,Female,Adult,,,,,,,,,,['Storytelling']
6499,Male,Senior,,Smooth,,,,,,Warm,,[]
6555,Male,Adult,,,,,,,,,,[]
6727,Male,Adult,,,,,,,,,,"['Public Presentation', 'Storytelling']"
6981,Male,Adult,,,,Authoritative,,,Strong,,,['Public Presentation']
7095,Male,Adult,,,,Authoritative,,,,,,[]
7395,Female,Senior,,,,Authoritative,,,,,,['Public Presentation']
7475,Male,Adult,Dark,,,,,,,,,[]
7481,Ambiguous,Adult,,,,,,,,,Weak,[]
7647,Male,Adult,,,,Authoritative,,,,,,['Public Presentation']
7766,Female,Senior,,Smooth,,,,,,Warm,,['Storytelling']
7802,Female,Adult,,,,,,,,,,[]
7874,Male,Senior,Dark,,,,,,,Warm,,['Storytelling']
7991,Male,Teenager,,Rough,,,,,,,Weak,[]
8142,Male,Adult,,,,,,,,,,['Public Presentation']
8176,Male,Adult,,Rough,,,,,,,,['Public Presentation']
8222,Male,Adult,Dark,,,Authoritative,,,,,,[]
8300,Female,Senior,,Smooth,,,,,,Warm,,['Storytelling']
8635,Male,Adult,,,,,,,,,,[]
948,Female,Adult,,,,,,,,,,['Storytelling']
p243,Male,Adult,Dark,,,,,,,,,[]
p251,Male,Senior,,,,,,Nasal,,,Weak,[]
p252,Male,Adult,,,,,,,,,,['Client and Public Interaction']
p270,Male,Adult,Dark,,,,,,,,,[]
p272,Male,Adult,,,,,,,,,,['Client and Public Interaction']
p317,Female,Teenager,Bright,,,,Cute,,,,Weak,[]
p329,Female,Teenager,,,,,,,,,Weak,[]
p333,Female,Adult,Bright,Rough,,,,,,,Weak,['Client and Public Interaction']
p347,Male,Adult,,,,,,,,,Weak,[]
p361,Female,Adult,Bright,,,,,,,,,['Client and Public Interaction']
1027,Male,Adult,Dark,,Attractive,,,,Strong,Warm,,"['Public Presentation', 'Storytelling']"
1053,Ambiguous,Adult,,,,,,,,,,['Client and Public Interaction']
1066,Female,Senior,Dark,,,Authoritative,,,,Warm,,[]
115,Female,Teenager,Bright,,,,Cute,,,,,[]
1259,Female,Adult,,,,,,,,,,['Storytelling']
1556,Ambiguous,Senior,,,,,,,,Warm,,[]
1777,Male,Adult,Dark,,,Authoritative,,,,Warm,,"['Storytelling', 'Diplomacy and Judiciary']"
1826,Male,Adult,,,,,,,,,,[]
1874,Male,Senior,,,,,,,,,,[]
2061,Female,Adult,Dark,Smooth,Attractive,Authoritative,,,,,,['Storytelling']
2709,Female,Adult,,,,Authoritative,,,,,,['Diplomacy and Judiciary']
3274,Male,Adult,,,,,,,,,,['Client and Public Interaction']
329,Ambiguous,Adult,,,,,,,,,,['Storytelling']
3370,Male,Adult,,,,,,,,,,[]
369,Male,Adult,,,,,,,,Warm,,['Storytelling']
373,Female,Adult,,,,,,,,,,[]
4222,Female,Senior,,,,,,,,,,[]
4289,Female,Senior,,Smooth,,,,,,Warm,,[]
4438,Male,Adult,Dark,,,,,,,,,['Storytelling']
4586,Ambiguous,Teenager,,,,,,,,,Weak,[]
4590,Male,Adult,,,,,,,,,,[]
4719,Male,Senior,,,,,,,,,,['Storytelling']
5337,Female,Adult,Bright,Smooth,,,,,,,,['Storytelling']
5519,Male,Adult,Dark,,,,,,,,,['Storytelling']
5731,Female,Adult,,,,,,Nasal,,,,['Storytelling']
5868,Male,Adult,,,,,,,Strong,,,['Storytelling']
5918,Male,Adult,Dark,,,,,,Strong,,,['Storytelling']
6395,Male,Adult,,,,,,,Strong,,,[]
6763,Female,Adult,,,,,,,,,,[]
7051,Male,Adult,Dark,Smooth,,Authoritative,,,,Warm,,['Storytelling']
7061,Male,Senior,Dark,,Attractive,Authoritative,,,,,,"['Storytelling', 'Diplomacy and Judiciary']"
7294,Female,Adult,,,,,,,,Warm,,"['Storytelling', 'Client and Public Interaction']"
7445,Female,Teenager,Bright,,Attractive,,Cute,,,,,['Client and Public Interaction']
7909,Male,Adult,Dark,,,,,,,,,['Public Presentation']
7932,Female,Adult,,,,,,,,,,['Storytelling']
7938,Male,Adult,Dark,,Attractive,Authoritative,,,Strong,,,['Storytelling']
7959,Female,Teenager,Bright,,,,,,,,,['Client and Public Interaction']
803,Male,Adult,,,,,,,,Warm,,['Storytelling']
81,Male,Adult,,,,,,,,,,['Client and Public Interaction']
8228,Female,Teenager,Bright,Smooth,Attractive,,,,,,,"['Storytelling', 'Client and Public Interaction']"
8527,Male,Senior,Dark,,,,,,Strong,,,['Storytelling']
925,Female,Senior,,Smooth,,,,,,Warm,,[]
957,Male,Adult,,,Attractive,,,,,Warm,,"['Storytelling', 'Client and Public Interaction']"
p249,Female,Adult,Dark,Rough,,,,,,,Weak,['Client and Public Interaction']
p310,Female,Teenager,Bright,,,,Cute,,,,Weak,['Client and Public Interaction']
p323,Ambiguous,Teenager,Bright,,,,,,,,,[]
p335,Female,Adult,,,,,,,,,Weak,['Client and Public Interaction']
p351,Female,Teenager,Bright,,,,Cute,,,,Weak,[]
p363,Male,Adult,,,,,,,,,,['Client and Public Interaction']
p364,Male,Teenager,,Rough,,,,,,,Weak,[]
1028,Ambiguous,Adult,,,,,,,,,,['Storytelling']
1121,Male,Adult,,,,,,,,,,['Public Presentation']
1195,Female,Adult,,,,,,,,,,"['Public Presentation', 'Storytelling']"
1224,Female,Teenager,Bright,Smooth,,,,Nasal,,,,[]
1226,Male,Adult,,,,,,,,,,[]
14,Female,Teenager,Bright,,,,Cute,,,,,[]
1629,Female,Adult,,,,,,,,,,['Client and Public Interaction']
1639,Male,Adult,,,,,,Nasal,,,,[]
1705,Female,Adult,,,Attractive,,,,,,,['Client and Public Interaction']
1776,Male,Adult,Dark,Rough,,Authoritative,,,Strong,,,['Diplomacy and Judiciary']
1801,Male,Adult,,Rough,Attractive,,,,,,,[]
2137,Male,Adult,,,,,,,,,,[]
224,Ambiguous,Adult,,Smooth,,,,,,,,[]
3258,Female,Adult,,,,Authoritative,,,Strong,,,"['Public Presentation', 'Diplomacy and Judiciary']"
3584,Female,Teenager,Bright,Smooth,Attractive,,Cute,,,,,['Client and Public Interaction']
3989,Female,Adult,,Smooth,Attractive,,,,,,,['Client and Public Interaction']
4358,Male,Senior,Dark,,Attractive,,,,Strong,,,[]
439,Male,Adult,Dark,,Attractive,,,,,Warm,,"['Public Presentation', 'Storytelling']"
4800,Ambiguous,Senior,,Rough,,,,Nasal,Strong,,,['Diplomacy and Judiciary']
4945,Male,Senior,Dark,,,Authoritative,,,,,,['Storytelling']
5062,Ambiguous,Senior,,,,,,,Strong,,,[]
5190,Male,Adult,,,,,,,,,,['Storytelling']
5242,Male,Senior,,Smooth,,,,,,,,['Storytelling']
561,Male,Adult,,,,,,,,,,[]
6054,Female,Adult,,,,,,,,,,"['Public Presentation', 'Client and Public Interaction']"
6104,Female,Senior,,,,Authoritative,,,,,,[]
6330,Male,Adult,Dark,,Attractive,Authoritative,,,Strong,,,['Storytelling']
6553,Male,Senior,Dark,,,,,,,Warm,,['Storytelling']
6643,Female,Teenager,Bright,,,,Cute,,,,,['Client and Public Interaction']
6701,Male,Adult,Dark,Rough,,,,,,,,['Storytelling']
6956,Male,Teenager,,Smooth,,,,,,,,[]
6965,Male,Senior,,,,,,,,,,[]
7318,Female,Adult,,Smooth,,,,,,Warm,,"['Storytelling', 'Client and Public Interaction']"
7434,Ambiguous,Teenager,,Smooth,,,,,,,,['Client and Public Interaction']
7437,Male,Adult,,,,,,,,,,[]
7520,Male,Senior,Dark,,,,,,,,,[]
781,Male,Teenager,,,,,,,,,,['Client and Public Interaction']
7867,Male,Adult,Bright,,,,,,Strong,,,['Storytelling']
8097,Ambiguous,Adult,,,Attractive,,,,,,,"['Storytelling', 'Diplomacy and Judiciary']"
816,Male,Senior,Dark,,Attractive,Authoritative,,,,,,['Storytelling']
8329,Female,Adult,,Smooth,Attractive,,,,,Warm,,['Storytelling']
8605,Female,Adult,,Smooth,,,,,,,,['Client and Public Interaction']
8824,Male,Adult,,,Attractive,,,,,,,['Client and Public Interaction']
899,Male,Adult,,,,,,,,,,[]
920,Female,Adult,,,Attractive,,,,,,,['Storytelling']
p227,Male,Adult,,,,,,,,,,[]
p237,Male,Teenager,Dark,Rough,,,,,,,,[]
p239,Female,Adult,,Rough,,,,,,,,['Client and Public Interaction']
p277,Female,Teenager,,,,,,,,,,['Client and Public Interaction']
p301,Ambiguous,Adult,,,,,,,,,Weak,[]
101,Male,Adult,,Smooth,,,,,,,,[]
1061,Female,Adult,Bright,Smooth,Attractive,,,,,,,['Client and Public Interaction']
1079,Ambiguous,Adult,,,,,,,,,,[]
1165,Male,Adult,Bright,,,,,,,,,[]
1487,Male,Adult,Dark,,,Authoritative,,,,,,"['Public Presentation', 'Storytelling']"
1535,Male,Adult,Dark,,,,,,,,Weak,['Storytelling']
1678,Female,Teenager,,,,,,,,,,['Client and Public Interaction']
175,Female,Teenager,Bright,Smooth,,,Cute,,,,,"['Storytelling', 'Client and Public Interaction']"
1845,Female,Senior,,,,,,,,,,['Diplomacy and Judiciary']
2074,Male,Adult,,Rough,Attractive,,,,,,,[]
2427,Male,Adult,,Rough,,,,,,,,['Storytelling']
2531,Male,Adult,,,,,,,,,,['Client and Public Interaction']
2577,Ambiguous,Teenager,Bright,,,,,Nasal,,,,[]
2618,Male,Adult,,,,Authoritative,,,Strong,,,[]
296,Male,Adult,,,Attractive,,,,,,,['Client and Public Interaction']
2999,Male,Senior,,,,Authoritative,,,,,,[]
3482,Ambiguous,Adult,,,,Authoritative,,,,,,[]
4260,Female,Adult,,Smooth,,,,,,,,[]
4290,Male,Adult,,,Attractive,,,,,,,['Storytelling']
5002,Male,Adult,Dark,,,,,,,,,['Storytelling']
534,Ambiguous,Senior,,Smooth,,,,,,,,['Storytelling']
543,Male,Senior,,,,Authoritative,,,Strong,,,['Diplomacy and Judiciary']
5604,Female,Teenager,Bright,,Attractive,,Cute,,,,,['Client and Public Interaction']
5776,Male,Adult,,Rough,,,,,,,,[]
5883,Male,Senior,,,,,,,,Warm,,['Storytelling']
6352,Female,Adult,,Smooth,,,,,,,,"['Storytelling', 'Client and Public Interaction']"
6388,Female,Adult,,Smooth,,,,,,Warm,,[]
6509,Female,Adult,,,,,,,,,,[]
6544,Female,Teenager,Bright,Smooth,,,,,,,,['Client and Public Interaction']
6575,Male,Adult,,,Attractive,,,,Strong,,,['Storytelling']
6904,Female,Adult,,,,,,,,,,[]
6918,Female,Adult,,Smooth,,,,,,,,['Client and Public Interaction']
7140,Ambiguous,Adult,,,,,,,,,,['Client and Public Interaction']
7169,Male,Adult,,,,,,,,,,[]
7314,Male,Senior,,Rough,,,,,,,,[]
7484,Ambiguous,Adult,,,,,,,,,,['Storytelling']
7555,Female,Adult,,,Attractive,,,,,,,['Client and Public Interaction']
7720,Male,Adult,,,,,,,,,,"['Storytelling', 'Client and Public Interaction']"
7962,Female,Teenager,Bright,Smooth,Attractive,,Cute,,,,,['Client and Public Interaction']
8152,Male,Adult,Dark,,,,,,,Warm,,['Storytelling']
8388,Female,Adult,,,,,,,,,,['Storytelling']
8410,Female,Adult,Bright,Smooth,,,,,,,,['Client and Public Interaction']
8421,Female,Adult,Bright,Smooth,Attractive,,,,,,,[]
p225,Ambiguous,Teenager,Dark,Rough,,,,,,,,[]
p226,Male,Adult,Dark,,,,,,,,Weak,[]
p241,Male,Teenager,,,,,,,,,Weak,[]
p302,Male,Teenager,,,,,,,,,Weak,[]
p306,Female,Teenager,,,,,,,,,Weak,['Client and Public Interaction']
p334,Male,Teenager,,Rough,,,,,,,Weak,[]
p376,Male,Adult,,,,,,,,,Weak,[]
1112,Male,Adult,Dark,,Attractive,,,,,,,['Storytelling']
1222,Male,Adult,Dark,Rough,,Authoritative,,,,,,['Public Presentation']
17,Male,Adult,Dark,Rough,Attractive,,,,,,,"['Public Presentation', 'Storytelling']"
1806,Male,Senior,Bright,,,,,,,,,[]
2113,Male,Adult,Dark,,,,,,,,,['Client and Public Interaction']
225,Female,Senior,,,,,,,,,,[]
2388,Male,Adult,Dark,,,,,Nasal,,,,['Client and Public Interaction']
2404,Male,Adult,,,,,,,,,,[]
2532,Ambiguous,Adult,,Smooth,,,,,,Warm,,['Storytelling']
2638,Ambiguous,Adult,,,,,,,,,,['Storytelling']
3185,Male,Adult,Bright,,,,,,,,,['Storytelling']
3361,Female,Teenager,Bright,,,,Cute,,,,,[]
3866,Male,Senior,Dark,,,Authoritative,,,,,,['Diplomacy and Judiciary']
4013,Male,Adult,Dark,,,Authoritative,,,Strong,,,['Diplomacy and Judiciary']
4116,Ambiguous,Adult,Bright,,,,,,,,,"['Storytelling', 'Client and Public Interaction']"
4363,Female,Adult,,,,,,,,,,[]
4381,Female,Adult,,Smooth,,Authoritative,,,,,,[]
4592,Ambiguous,Adult,,,,,,,,,,[]
4807,Ambiguous,Teenager,,Rough,,,,,,,,['Client and Public Interaction']
5319,Male,Adult,Dark,,,,,,,Warm,,['Storytelling']
559,Male,Adult,,,Attractive,,,,,,,['Storytelling']
5672,Male,Adult,Dark,,,,,,,,,['Storytelling']
5968,Female,Adult,,,Attractive,,,,,,,['Storytelling']
5975,Male,Senior,Dark,Rough,,,,,,,,[]
598,Female,Adult,Bright,,,,,,,,,['Client and Public Interaction']
6032,Female,Adult,,Rough,,Authoritative,,,,,,[]
6060,Male,Adult,Dark,Smooth,,Authoritative,,,,,,['Storytelling']
6269,Male,Adult,,,,Authoritative,,,,,,[]
6406,Female,Teenager,Bright,,,,,,,,Weak,['Client and Public Interaction']
6686,Female,Adult,,Smooth,,,,,,,,['Client and Public Interaction']
6877,Male,Adult,,,,,,,,,,['Storytelling']
707,Male,Adult,Dark,,Attractive,,,,,,,['Storytelling']
731,Ambiguous,Adult,,,,,,,Strong,,,"['Public Presentation', 'Storytelling']"
7335,Female,Adult,,,,,,,,,,[]
7730,Female,Adult,,,,,,,,,Weak,['Client and Public Interaction']
7783,Ambiguous,Adult,,,,,,,,,,[]
7868,Female,Adult,,Smooth,,,,,,,,['Client and Public Interaction']
7910,Ambiguous,Adult,,,,,,,,,,['Client and Public Interaction']
7981,Male,Adult,Dark,,,,,,,Warm,Weak,['Client and Public Interaction']
8545,Female,Senior,,,,,,,,Warm,,[]
8592,Male,Adult,,,,,,,,,,['Public Presentation']
8684,Ambiguous,Senior,,,,,,,,,,[]
8855,Male,Senior,Dark,Rough,,Authoritative,,,Strong,,,[]
8875,Male,Adult,Dark,,,,,,,,,['Storytelling']
968,Female,Adult,,Smooth,,,,,,Warm,,['Client and Public Interaction']
p233,Female,Teenager,Bright,,Attractive,,,,,,,['Client and Public Interaction']
p246,Male,Adult,,,,,,,,,,[]
p269,Ambiguous,Teenager,,,,,,,,,,[]
p300,Female,Teenager,Bright,,,,,Nasal,,,,['Client and Public Interaction']
p315,Male,Teenager,Bright,,,,,Nasal,,,Weak,[]
1052,Ambiguous,Teenager,,,,,,,,,,[]
1160,Male,Senior,,Rough,,,,,,,,[]
1283,Male,Adult,,,,,,,,,,['Storytelling']
1943,Male,Adult,,,,,,,,,,['Storytelling']
1944,Female,Adult,Bright,,Attractive,,,,,,,"['Storytelling', 'Client and Public Interaction']"
207,Male,Adult,,,,,,,,,,['Client and Public Interaction']
2481,Female,Senior,,,,,,Nasal,,,,[]
2517,Male,Senior,,,,,,,,,,[]
318,Female,Adult,,Smooth,,,,,Strong,,,['Client and Public Interaction']
3289,Male,Adult,,,,,,,,,,[]
340,Male,Adult,Bright,,,,,,,,,['Client and Public Interaction']
3638,Female,Adult,Bright,,,,,,,,,['Client and Public Interaction']
3905,Female,Adult,Bright,Smooth,Attractive,,,,,Warm,,"['Storytelling', 'Client and Public Interaction']"
4054,Male,Adult,,,,,,,,,,['Client and Public Interaction']
4243,Male,Senior,,Rough,,,,,,,,[]
4246,Male,Adult,Dark,,Attractive,,,,,,,['Storytelling']
4257,Male,Adult,,,,,,,,,,[]
4490,Female,Teenager,Bright,,Attractive,,Cute,,,,,"['Storytelling', 'Client and Public Interaction']"
480,Male,Adult,,,,,,,,,,['Client and Public Interaction']
5189,Male,Senior,Dark,Rough,,,,,,,,['Storytelling']
5239,Male,Adult,Dark,,,,,,,,,['Client and Public Interaction']
5290,Female,Adult,Bright,Smooth,Attractive,,Cute,,,,,"['Storytelling', 'Client and Public Interaction']"
5655,Female,Adult,Bright,,,,,Nasal,,,,[]
5712,Female,Adult,,,,,,,Strong,,,[]
5802,Male,Senior,,,,,,,Strong,,,"['Storytelling', 'Diplomacy and Judiciary']"
5810,Male,Adult,Dark,Rough,,,,,,,,['Storytelling']
5984,Female,Adult,,Smooth,,,,,,,,"['Storytelling', 'Client and Public Interaction']"
6038,Female,Adult,Dark,,,Authoritative,,,,,,"['Public Presentation', 'Diplomacy and Judiciary']"
6373,Female,Adult,,Smooth,,Authoritative,,,,,,"['Client and Public Interaction', 'Diplomacy and Judiciary']"
64,Female,Adult,,,,,,,,,,['Client and Public Interaction']
663,Male,Adult,Dark,,Attractive,,,,,Warm,,['Storytelling']
6683,Ambiguous,Teenager,,,,,,,,,,[]
6782,Female,Adult,,Smooth,,,,,,,,[]
6865,Ambiguous,Senior,Bright,,,,,,,,,[]
7117,Male,Adult,,,,,,,,,,[]
7240,Female,Senior,,Smooth,,,,,,Warm,,[]
7241,Male,Adult,Dark,,Attractive,Authoritative,,,Strong,,,"['Public Presentation', 'Storytelling']"
7285,Female,Teenager,Bright,,,,Cute,,,,,[]
7789,Ambiguous,Adult,,,,,,,,,,['Client and Public Interaction']
8008,Male,Senior,,Rough,,,,,,,Weak,[]
8066,Male,Adult,Dark,,,,,,Strong,,,"['Storytelling', 'Client and Public Interaction']"
8347,Male,Adult,Dark,Rough,Attractive,,,,,,,['Storytelling']
8718,Female,Teenager,Bright,Smooth,,,Cute,Nasal,,,,['Client and Public Interaction']
8772,Male,Senior,Dark,,Attractive,,,,,,,['Storytelling']
8786,Male,Adult,Dark,,,Authoritative,,,,,,['Diplomacy and Judiciary']
922,Male,Adult,,,,,,Nasal,Strong,,,[]
p247,Male,Adult,,,,,,,,,,['Client and Public Interaction']
p261,Female,Teenager,Bright,,Attractive,,Cute,,,,,['Client and Public Interaction']
p263,Male,Senior,Dark,,Attractive,,,,,,Weak,[]
p273,Ambiguous,Adult,,,,,,,,,Weak,[]
1343,Female,Senior,,Smooth,Attractive,,,,,,,['Client and Public Interaction']
1422,Female,Adult,,,,,,,,,,['Client and Public Interaction']
1498,Female,Adult,,,,,,,,,,[]
176,Male,Adult,,,,,,,,,,['Client and Public Interaction']
1859,Female,Adult,,Smooth,Attractive,,,,,,,['Storytelling']
1958,Male,Adult,,,,,,,,,,['Client and Public Interaction']
2004,Ambiguous,Adult,,Smooth,,,,,,,,['Storytelling']
208,Ambiguous,Teenager,,Smooth,,,Cute,,,,,[]
2256,Female,Senior,Dark,,,Authoritative,,,,,,['Diplomacy and Judiciary']
2319,Male,Adult,Dark,Rough,Attractive,,,,,,,['Storytelling']
2473,Male,Adult,,,,,,,,,,[]
2499,Ambiguous,Senior,,Smooth,,,,,,,,[]
3083,Female,Adult,,,Attractive,,,,,,,"['Storytelling', 'Client and Public Interaction']"
4238,Female,Senior,,,,,,,,,,[]
451,Ambiguous,Teenager,Bright,,,,Cute,,,,,[]
476,Male,Adult,Dark,,,Authoritative,,,,,,[]
4856,Male,Senior,,Rough,,,,,,Warm,,['Storytelling']
5007,Female,Senior,,,,Authoritative,,Nasal,,,,['Diplomacy and Judiciary']
5039,Female,Adult,,,,,,,,,,[]
5154,Female,Adult,Dark,Smooth,Attractive,,,,,,,['Storytelling']
5261,Male,Adult,,,,,,,,,,['Client and Public Interaction']
5606,Female,Adult,Bright,,,,,,,,,['Storytelling']
5635,Male,Teenager,,,,,,,,,,['Client and Public Interaction']
5740,Female,Adult,,Smooth,Attractive,,,,,Warm,,[]
5767,Male,Adult,,Rough,,,,,,,,[]
5914,Male,Adult,Dark,Rough,,Authoritative,,,Strong,,,['Storytelling']
6157,Male,Senior,,,,,,,,,,['Storytelling']
6258,Ambiguous,Adult,,,,,,,,,,[]
6518,Female,Adult,Bright,Smooth,,,,,,,,['Client and Public Interaction']
6927,Female,Teenager,Bright,,,,Cute,,,,,[]
6993,Male,Adult,Dark,Rough,,,,,,,,['Storytelling']
7011,Male,Adult,Dark,,,Authoritative,,,Strong,,,['Storytelling']
770,Male,Teenager,,,,,,,,,,['Client and Public Interaction']
7809,Male,Adult,,Rough,Attractive,,,,,Warm,,[]
7945,Ambiguous,Senior,,,,,,,Strong,,,[]
8080,Ambiguous,Adult,,Smooth,,,,,,,,[]
8113,Female,Adult,,Smooth,,,,,,,,[]
8163,Ambiguous,Adult,,,,,,,,,,[]
8776,Female,Teenager,Bright,Smooth,,,,,,,,['Client and Public Interaction']
p236,Female,Teenager,Bright,,,,Cute,,,,,[]
p267,Female,Teenager,,,,,,,,,Weak,[]
p285,Male,Teenager,Bright,,,,,,,,Weak,[]
p286,Male,Teenager,,,,,,,,,,['Client and Public Interaction']
p287,Male,Adult,Dark,,,Authoritative,,,,,,['Storytelling']
p292,Male,Teenager,,,,,,,,,Weak,[]
p299,Female,Adult,,,,,,,,,,[]
p314,Female,Adult,,,,,,,,,,['Client and Public Interaction']
p339,Female,Teenager,,,,,,,,,,['Client and Public Interaction']
p362,Female,Adult,,,,,,,,,Weak,['Client and Public Interaction']
s5,Female,Adult,Bright,Smooth,Attractive,,,,,,,['Client and Public Interaction']
1046,Male,Senior,Dark,,,Authoritative,,,Strong,,,['Storytelling']
1265,Male,Senior,Dark,,,,,,,,,[]
1322,Male,Teenager,,,,,,,,,,[]
1349,Male,Adult,,Rough,,,,,,,,[]
1448,Female,Teenager,,,,,,,,,,['Client and Public Interaction']
159,Male,Senior,,Rough,Attractive,,,,,Warm,Weak,['Storytelling']
166,Female,Adult,,Smooth,,,,,,Warm,,[]
1974,Male,Teenager,,,,,Cute,,,,,[]
2012,Male,Adult,Dark,,Attractive,,,,,,,"['Storytelling', 'Diplomacy and Judiciary']"
203,Female,Adult,,,,,,,,,,['Client and Public Interaction']
2204,Ambiguous,Adult,,,,,,,,,,[]
2401,Female,Senior,,,,,,,,,,['Client and Public Interaction']
2785,Female,Adult,,,,,Cute,,,,,['Client and Public Interaction']
2882,Female,Adult,,,,,,,,,,[]
3224,Female,Adult,Bright,,Attractive,,,,,,,['Client and Public Interaction']
3228,Ambiguous,Teenager,,Smooth,,,,,,,,['Storytelling']
3357,Female,Adult,,,,,,,,,,[]
3379,Ambiguous,Adult,,Smooth,,,,,,Warm,,[]
3490,Male,Senior,Dark,,Attractive,,,,,,,['Storytelling']
3546,Ambiguous,Adult,,Smooth,,,,,,Warm,,['Storytelling']
3615,Female,Adult,,,,,,,,,,['Diplomacy and Judiciary']
380,Female,Adult,,,,,,,,,,['Storytelling']
3927,Male,Senior,Dark,,,,,,,,,[]
398,Male,Adult,Dark,,,,,,,,,[]
4064,Female,Senior,,Rough,,Authoritative,,,,,,[]
4535,Male,Adult,Bright,,,,,,,,,['Storytelling']
475,Male,Adult,Bright,,,,,,,,,['Client and Public Interaction']
4967,Female,Teenager,Bright,Smooth,,,Cute,,,,,['Storytelling']
5012,Ambiguous,Teenager,,,,,,,,,,[]
510,Male,Adult,Dark,Rough,Attractive,Authoritative,,,Strong,,,"['Storytelling', 'Diplomacy and Judiciary']"
5147,Male,Adult,Dark,,,Authoritative,,,,Warm,,"['Public Presentation', 'Storytelling', 'Diplomacy and Judiciary']"
5266,Ambiguous,Teenager,,Rough,,,,,,,,['Client and Public Interaction']
5389,Male,Adult,Dark,Rough,,,,,,,,[]
5401,Male,Senior,,,,Authoritative,,,,,,[]
5489,Ambiguous,Adult,,,,,,,,,,[]
576,Female,Senior,,,,,,,,,,"['Storytelling', 'Client and Public Interaction']"
6006,Female,Teenager,Bright,,,,,,,,,[]
6189,Female,Adult,,,Attractive,,,,,,,['Storytelling']
639,Male,Adult,Dark,,Attractive,,,,,,,['Storytelling']
6492,Male,Adult,Dark,,,,,,,,,[]
6505,Female,Adult,,Smooth,,,,,,,,['Client and Public Interaction']
6696,Female,Teenager,,,,,,,Strong,,,[]
7120,Female,Senior,,,,,,Nasal,,Warm,,['Client and Public Interaction']
7498,Female,Teenager,Bright,Smooth,,,Cute,,,,,['Client and Public Interaction']
7525,Female,Adult,Bright,Smooth,Attractive,,,,,Warm,,"['Storytelling', 'Client and Public Interaction']"
8699,Ambiguous,Teenager,,,,,,,,,,[]
98,Ambiguous,Adult,,Smooth,,,,,,,,['Client and Public Interaction']
p258,Male,Adult,Dark,Rough,,,,,,,Weak,[]
p259,Male,Teenager,,,,,,,,,Weak,[]
p297,Female,Teenager,,,,,,,,,,[]
1289,Female,Senior,,Rough,,,,,,,,[]
1387,Male,Adult,Dark,,,,,,,,,['Storytelling']
1413,Male,Adult,,,,,,,,,Weak,['Client and Public Interaction']
1509,Female,Teenager,Bright,Smooth,,,,,,,,['Client and Public Interaction']
1748,Male,Adult,Dark,Rough,,,,,Strong,,,['Storytelling']
188,Female,Adult,,Smooth,,,,,,,,[]
205,Female,Adult,,,,Authoritative,,,,,,"['Public Presentation', 'Client and Public Interaction']"
2056,Female,Senior,,Smooth,,Authoritative,,,,,,[]
2240,Male,Senior,,,,,,,,,,[]
2364,Female,Adult,,,Attractive,,,,,Warm,,['Storytelling']
242,Female,Adult,,Smooth,,,,,,,,[]
3003,Ambiguous,Adult,,,,,,,,,,[]
3119,Female,Senior,,,,Authoritative,,,,,,[]
3221,Male,Adult,,,,,,,,,,['Storytelling']
337,Female,Teenager,Bright,,,,Cute,,,,,['Client and Public Interaction']
3483,Male,Adult,Dark,,,,,,,,,['Public Presentation']
3537,Female,Adult,,,,,,,,,,[]
3728,Female,Adult,,,,,,,,,,[]
3914,Male,Senior,Dark,Smooth,Attractive,,,,,Warm,,['Storytelling']
3972,Female,Senior,,,,,,,,,,[]
5186,Male,Senior,,,,,,,Strong,,,[]
5583,Ambiguous,Adult,Bright,,,,Cute,,,,,[]
5656,Male,Adult,Dark,Rough,Attractive,Authoritative,,,,,,"['Public Presentation', 'Diplomacy and Judiciary']"
5684,Female,Adult,,,Attractive,,,,,Warm,,['Storytelling']
6215,Female,Adult,,,,,,,,Warm,,[]
6308,Ambiguous,Adult,,Smooth,,,,,,,,[]
6339,Female,Adult,,Smooth,,,,,,Warm,,[]
6620,Ambiguous,Teenager,,Smooth,Attractive,,,,,,,['Client and Public Interaction']
667,Female,Adult,,,,Authoritative,,,,,,[]
6895,Female,Adult,Bright,,,,,,,,,['Client and Public Interaction']
70,Male,Adult,Bright,,,,,,,,,[]
7126,Male,Adult,Dark,,,Authoritative,,,,Warm,,"['Public Presentation', 'Storytelling']"
7816,Female,Teenager,Bright,,,,Cute,,,,,[]
7825,Male,Adult,Dark,,Attractive,,,,Strong,,,"['Storytelling', 'Diplomacy and Judiciary']"
7837,Male,Senior,Dark,,,,,,,,Weak,[]
7949,Male,Adult,,Rough,,,,Nasal,,,,['Client and Public Interaction']
7982,Female,Senior,,,,,,,,,Weak,[]
8193,Female,Adult,,Smooth,,,,,,,,[]
8225,Male,Senior,,Rough,,,,,,,,['Storytelling']
8758,Male,Adult,,,,,,,,,,[]
979,Female,Senior,,,,,,Nasal,,,,[]
986,Male,Adult,,Smooth,,,,,,,,['Client and Public Interaction']
p253,Female,Teenager,,,,,,,,,Weak,[]
p260,Male,Adult,,,,,,,,,,[]
p266,Female,Teenager,,,,,,,,,Weak,['Client and Public Interaction']
p268,Ambiguous,Teenager,,,,,,,,,Weak,[]
p288,Female,Adult,,,,,,Nasal,,,,['Client and Public Interaction']
p312,Ambiguous,Teenager,,Rough,,,,,,,,['Client and Public Interaction']
p340,Female,Teenager,,Rough,,,,,,,Weak,[]
p360,Male,Adult,,,Attractive,,,,,Warm,,[]
1025,Male,Adult,Dark,,,,,,,,,['Storytelling']
1050,Female,Senior,Bright,,,,,Nasal,,Warm,,[]
1054,Ambiguous,Adult,,,,,,,,,,[]
112,Female,Teenager,,,,,Cute,,,,,['Storytelling']
114,Ambiguous,Teenager,,,,,Cute,,,,,[]
1425,Female,Teenager,,,,,Cute,Nasal,,,,['Client and Public Interaction']
1513,Ambiguous,Teenager,,,,,,,,,,['Client and Public Interaction']
2146,Male,Adult,Dark,,,,,,Strong,,,[]
2194,Female,Senior,,Smooth,,Authoritative,,,,,,[]
2229,Male,Adult,Dark,,,Authoritative,,,Strong,,,['Storytelling']
2368,Male,Adult,,,,,,Nasal,,,Weak,[]
2411,Female,Teenager,,Smooth,Attractive,,,,,,,[]
2512,Female,Teenager,Bright,,,,,,,,,['Client and Public Interaction']
2570,Female,Senior,,Smooth,,,,,,Warm,,['Storytelling']
258,Male,Teenager,,,,,,,,,Weak,[]
2673,Male,Senior,Dark,,,Authoritative,,,,,,['Diplomacy and Judiciary']
2769,Male,Adult,,,,,,,,,,[]
2775,Female,Adult,,Smooth,Attractive,,,,,Warm,,"['Storytelling', 'Client and Public Interaction']"
2960,Male,Adult,,,,,,Nasal,,,,[]
3072,Male,Adult,Dark,,Attractive,Authoritative,,,Strong,,,"['Public Presentation', 'Storytelling', 'Diplomacy and Judiciary']"
3118,Male,Senior,,Rough,,,,,,Warm,,['Storytelling']
3645,Ambiguous,Adult,,Smooth,Attractive,,,,,Warm,,"['Storytelling', 'Client and Public Interaction']"
3851,Female,Adult,,,,,,,,,,['Storytelling']
3889,Female,Adult,,,,,,,,,,['Storytelling']
4495,Male,Adult,Dark,,,Authoritative,,,Strong,,,[]
4598,Female,Adult,,,,,,,,Warm,,['Storytelling']
5386,Male,Adult,,Smooth,Attractive,,,,,,,[]
54,Female,Adult,,Smooth,,,,,,Warm,,"['Storytelling', 'Client and Public Interaction']"
5400,Female,Adult,,,,,,,,Warm,,['Client and Public Interaction']
5727,Male,Adult,,,,,,,,,,['Public Presentation']
593,Male,Adult,,Smooth,,,,,,,,['Storytelling']
594,Male,Senior,Dark,,,Authoritative,,,Strong,Warm,,['Storytelling']
6037,Male,Senior,Dark,,,,,,Strong,,,['Storytelling']
6099,Female,Adult,,Smooth,,,,,,,,[]
612,Female,Senior,,,,,,,,Warm,,['Client and Public Interaction']
6235,Female,Adult,,Smooth,Attractive,,,,,Warm,,"['Storytelling', 'Client and Public Interaction']"
6294,Male,Adult,Dark,,,,,,Strong,Warm,,['Storytelling']
6378,Female,Adult,,Smooth,,,,,,,,['Storytelling']
6673,Female,Adult,,Smooth,,,,,,Warm,,"['Storytelling', 'Client and Public Interaction']"
698,Ambiguous,Adult,,Smooth,,,,,,Warm,,['Client and Public Interaction']
7316,Female,Adult,,Smooth,,Authoritative,,,,,,['Diplomacy and Judiciary']
8075,Female,Adult,,Rough,,,,Nasal,,,,['Client and Public Interaction']
8119,Male,Senior,,Rough,,,,,,,,[]
8591,Ambiguous,Adult,,,,,,,,,,[]
8705,Male,Adult,Dark,,,,,,,,,[]
8791,Male,Adult,,,Attractive,,,,,,,['Storytelling']
9026,Female,Adult,,Smooth,,,,,,,,['Storytelling']
954,Male,Adult,,Rough,,Authoritative,,,,,,['Public Presentation']
p295,Female,Teenager,,Rough,,,,,,,Weak,[]
p343,Ambiguous,Adult,,,,,,,,,,[]
1313,Male,Adult,,,,,,,,,,['Client and Public Interaction']
1337,Ambiguous,Teenager,,,,,Cute,,,,,[]
1731,Female,Teenager,,,,,Cute,,,,,['Client and Public Interaction']
1851,Female,Teenager,Bright,Smooth,Attractive,,Cute,,,Warm,,"['Storytelling', 'Client and Public Interaction']"
192,Female,Adult,,,,Authoritative,,,,,,"['Storytelling', 'Diplomacy and Judiciary']"
204,Male,Adult,,,,,,,Strong,,,['Storytelling']
216,Male,Adult,Dark,,,Authoritative,,,Strong,,,[]
22,Female,Adult,,,,,,,,,,['Storytelling']
2201,Male,Adult,,,,,,,,,,"['Storytelling', 'Client and Public Interaction']"
2294,Male,Adult,Dark,,,,,,,,,['Storytelling']
2393,Male,Adult,,,,,,Nasal,,,,[]
2592,Female,Teenager,,,Attractive,,,,,,,['Client and Public Interaction']
272,Male,Adult,,,,,,,,,,[]
274,Female,Adult,,Smooth,,,,,,,,[]
2971,Male,Adult,,Rough,,,,Nasal,,,,['Client and Public Interaction']
3046,Ambiguous,Adult,,,,,,Nasal,,,Weak,[]
3294,Female,Adult,,Rough,,,,,,,,[]
3307,Male,Adult,,Rough,,,,,,,,[]
335,Male,Adult,,,,,,,,,,[]
3630,Female,Teenager,Bright,,,,,Nasal,,,,[]
3994,Ambiguous,Teenager,,Smooth,,,,,,,,[]
500,Male,Adult,,,,,,,,,,['Client and Public Interaction']
5093,Female,Senior,,,,Authoritative,,,,,,[]
5123,Ambiguous,Senior,,,,,,,,,,[]
5139,Female,Adult,,Smooth,,,,,,Warm,,['Client and Public Interaction']
5448,Male,Adult,,,,,,,,,,[]
55,Male,Senior,Dark,,,,,,,,,"['Storytelling', 'Client and Public Interaction']"
5570,Female,Adult,Bright,,,,,Nasal,,Warm,,['Client and Public Interaction']
5940,Male,Adult,Dark,,,,,,,Warm,,['Storytelling']
6167,Ambiguous,Adult,Bright,,,,,Nasal,,,,[]
6538,Male,Adult,,,,,,,,,,['Client and Public Interaction']
664,Female,Adult,Bright,,,,,,,,,['Client and Public Interaction']
699,Female,Adult,,Smooth,Attractive,,,,,,,"['Storytelling', 'Diplomacy and Judiciary']"
7139,Male,Adult,Dark,,,,,,,,,"['Public Presentation', 'Storytelling']"
716,Male,Adult,,,,,,,,,,[]
7398,Female,Adult,,,,,,,,,,['Client and Public Interaction']
7553,Male,Adult,,Smooth,Attractive,,,,,Warm,,"['Public Presentation', 'Storytelling', 'Client and Public Interaction']"
7569,Male,Adult,Dark,,,,,,Strong,,,['Storytelling']
7732,Male,Adult,,,,,,Nasal,,,,[]
7994,Ambiguous,Adult,,,,,,,,,,[]
835,Male,Adult,,,,,,,,,,['Storytelling']
8401,Male,Adult,Dark,Rough,,Authoritative,,,Strong,,,['Storytelling']
8825,Female,Teenager,Bright,Smooth,,,Cute,,,,,['Client and Public Interaction']
8848,Male,Adult,Dark,,Attractive,,,,,,,['Storytelling']
p230,Female,Adult,,,,,,,,,Weak,[]
p245,Male,Teenager,,,,,,,,,Weak,['Client and Public Interaction']
p264,Female,Teenager,,,,,,,,,Weak,['Client and Public Interaction']
p283,Female,Teenager,,Rough,Attractive,,,,,,,['Client and Public Interaction']
p313,Female,Adult,,Rough,,,,,,,Weak,[]
p316,Male,Adult,Dark,Rough,,,,,,,,[]
